<?xml version="1.0" encoding="UTF-8"?>
<library xmlns="http://www.eclipse.org/birt/2005/design" version="3.2.23" id="1">
    <property name="units">in</property>
    <property name="theme">defaultTheme</property>
    <data-sources>
        <oda-data-source extensionID="org.eclipse.birt.report.data.oda.jdbc" name="Data Source" id="5">
            <list-property name="privateDriverProperties">
                <ex-property>
                    <name>metadataBidiFormatStr</name>
                    <value>ILYNN</value>
                </ex-property>
                <ex-property>
                    <name>disabledMetadataBidiFormatStr</name>
                </ex-property>
                <ex-property>
                    <name>contentBidiFormatStr</name>
                    <value>ILYNN</value>
                </ex-property>
                <ex-property>
                    <name>disabledContentBidiFormatStr</name>
                </ex-property>
            </list-property>
            <property name="odaDriverClass">com.mysql.jdbc.Driver</property>
            <property name="odaURL">jdbc:mysql://localhost:3306/yolaine_sipecs</property>
            <property name="odaUser">yolaine_yolainec</property>
            <encrypted-property name="odaPassword" encryptionID="base64">eW9sYWluZTQ0OA==</encrypted-property>
            <property name="OdaConnProfileName">Funio</property>
            <property name="OdaConnProfileStorePath">/Users/ycourteau/Google Drive/Contrats/SIPECS/.metadata/.plugins/org.eclipse.datatools.connectivity/ServerProfiles.dat</property>
        </oda-data-source>
    </data-sources>
    <themes>
        <theme name="defaultTheme" id="4"/>
    </themes>
    <page-setup>
        <simple-master-page name="NewSimpleMasterPage" id="3"/>
    </page-setup>
</library>
