<?xml version="1.0" encoding="UTF-8"?>
<report xmlns="http://www.eclipse.org/birt/2005/design" version="3.2.23" id="1">
    <property name="createdBy">Eclipse BIRT Designer Version 4.5.0.v201506092134 Build &lt;@BUILD@></property>
    <property name="units">in</property>
    <property name="iconFile">/templates/blank_report.gif</property>
    <property name="bidiLayoutOrientation">ltr</property>
    <property name="imageDPI">72</property>
    <parameters>
        <scalar-parameter name="param_programme" id="462">
            <property name="valueType">static</property>
            <property name="dataType">string</property>
            <property name="distinct">true</property>
            <simple-property-list name="defaultValue">
                <value type="constant">2000</value>
            </simple-property-list>
            <list-property name="selectionList"/>
            <property name="paramType">simple</property>
            <property name="controlType">text-box</property>
            <structure name="format">
                <property name="category">Unformatted</property>
            </structure>
        </scalar-parameter>
    </parameters>
    <data-sources>
        <oda-data-source extensionID="org.eclipse.birt.report.data.oda.jdbc" name="Funio_yolaine_clara" id="554">
            <text-property name="displayName"></text-property>
            <list-property name="privateDriverProperties">
                <ex-property>
                    <name>metadataBidiFormatStr</name>
                    <value>ILYNN</value>
                </ex-property>
                <ex-property>
                    <name>disabledMetadataBidiFormatStr</name>
                </ex-property>
                <ex-property>
                    <name>contentBidiFormatStr</name>
                    <value>ILYNN</value>
                </ex-property>
                <ex-property>
                    <name>disabledContentBidiFormatStr</name>
                </ex-property>
            </list-property>
            <property name="odaDriverClass">com.mysql.jdbc.Driver</property>
            <property name="odaURL">jdbc:mysql://localhost:3306/yolaine_clara</property>
            <property name="odaUser">yolaine_yolainec</property>
            <encrypted-property name="odaPassword" encryptionID="base64">eW9sYWluZTQ0OA==</encrypted-property>
            <property name="OdaConnProfileName">Funio_yolaine_clara</property>
            <property name="OdaConnProfileStorePath">ConnectionProfileStore</property>
        </oda-data-source>
        <oda-data-source extensionID="org.eclipse.birt.report.data.oda.jdbc" name="Funio_yolaine_sipecs" id="555">
            <text-property name="displayName"></text-property>
            <list-property name="privateDriverProperties">
                <ex-property>
                    <name>metadataBidiFormatStr</name>
                    <value>ILYNN</value>
                </ex-property>
                <ex-property>
                    <name>disabledMetadataBidiFormatStr</name>
                </ex-property>
                <ex-property>
                    <name>contentBidiFormatStr</name>
                    <value>ILYNN</value>
                </ex-property>
                <ex-property>
                    <name>disabledContentBidiFormatStr</name>
                </ex-property>
            </list-property>
            <property name="odaDriverClass">com.mysql.jdbc.Driver</property>
            <property name="odaURL">jdbc:mysql://localhost:3306/yolaine_sipecs</property>
            <property name="odaUser">yolaine_yolainec</property>
            <encrypted-property name="odaPassword" encryptionID="base64">eW9sYWluZTQ0OA==</encrypted-property>
            <property name="OdaConnProfileName">Funio_yolaine_sipecs</property>
            <property name="OdaConnProfileStorePath">ConnectionProfileStore</property>
        </oda-data-source>
    </data-sources>
    <data-sets>
        <oda-data-set extensionID="org.eclipse.birt.report.data.oda.jdbc.JdbcSelectDataSet" name="nbr_notes" id="551">
            <property name="nullsOrdering">nulls lowest</property>
            <list-property name="columnHints">
                <structure>
                    <property name="columnName">IDInscription</property>
                    <property name="analysis">measure</property>
                    <text-property name="displayName">IDInscription</text-property>
                    <text-property name="heading">IDInscription</text-property>
                </structure>
                <structure>
                    <property name="columnName">IDEtudiant</property>
                    <property name="analysis">measure</property>
                    <text-property name="displayName">IDEtudiant</text-property>
                    <text-property name="heading">IDEtudiant</text-property>
                </structure>
                <structure>
                    <property name="columnName">IDEtudiantSession</property>
                    <property name="analysis">measure</property>
                    <text-property name="displayName">IDEtudiantSession</text-property>
                    <text-property name="heading">IDEtudiantSession</text-property>
                </structure>
                <structure>
                    <property name="columnName">COUNT(insc2.IDEtudiantSession)</property>
                    <property name="analysis">measure</property>
                    <text-property name="displayName">COUNT(insc2.IDEtudiantSession)</text-property>
                    <text-property name="heading">COUNT(insc2.IDEtudiantSession)</text-property>
                </structure>
                <structure>
                    <property name="columnName">Cohorte</property>
                    <property name="analysis">measure</property>
                    <text-property name="displayName">Cohorte</text-property>
                    <text-property name="heading">Cohorte</text-property>
                </structure>
                <structure>
                    <property name="columnName">AnSessionDebut</property>
                    <property name="analysis">measure</property>
                    <text-property name="displayName">AnSessionDebut</text-property>
                    <text-property name="heading">AnSessionDebut</text-property>
                </structure>
                <structure>
                    <property name="columnName">AnSession</property>
                    <property name="analysis">measure</property>
                    <text-property name="displayName">AnSession</text-property>
                    <text-property name="heading">AnSession</text-property>
                </structure>
                <structure>
                    <property name="columnName">Note</property>
                    <property name="analysis">measure</property>
                    <text-property name="displayName">Note</text-property>
                    <text-property name="heading">Note</text-property>
                </structure>
                <structure>
                    <property name="columnName">COUNT(insc2.Note)</property>
                    <property name="analysis">measure</property>
                    <text-property name="displayName">COUNT(insc2.Note)</text-property>
                    <text-property name="heading">COUNT(insc2.Note)</text-property>
                </structure>
                <structure>
                    <property name="columnName">IDProgramme</property>
                    <property name="analysis">measure</property>
                    <text-property name="displayName">IDProgramme</text-property>
                    <text-property name="heading">IDProgramme</text-property>
                </structure>
            </list-property>
            <list-property name="filter">
                <structure>
                    <property name="operator">eq</property>
                    <expression name="expr" type="javascript">row["IDProgramme"]</expression>
                    <simple-property-list name="value1">
                        <value>params["param_programme"].value</value>
                    </simple-property-list>
                </structure>
            </list-property>
            <list-property name="parameters"/>
            <structure name="cachedMetaData">
                <list-property name="resultSet">
                    <structure>
                        <property name="position">1</property>
                        <property name="name">IDInscription</property>
                        <property name="dataType">integer</property>
                    </structure>
                    <structure>
                        <property name="position">2</property>
                        <property name="name">IDEtudiant</property>
                        <property name="dataType">integer</property>
                    </structure>
                    <structure>
                        <property name="position">3</property>
                        <property name="name">IDEtudiantSession</property>
                        <property name="dataType">integer</property>
                    </structure>
                    <structure>
                        <property name="position">4</property>
                        <property name="name">COUNT(insc2.IDEtudiantSession)</property>
                        <property name="dataType">decimal</property>
                    </structure>
                    <structure>
                        <property name="position">5</property>
                        <property name="name">Cohorte</property>
                        <property name="dataType">integer</property>
                    </structure>
                    <structure>
                        <property name="position">6</property>
                        <property name="name">AnSessionDebut</property>
                        <property name="dataType">integer</property>
                    </structure>
                    <structure>
                        <property name="position">7</property>
                        <property name="name">AnSession</property>
                        <property name="dataType">integer</property>
                    </structure>
                    <structure>
                        <property name="position">8</property>
                        <property name="name">Note</property>
                        <property name="dataType">integer</property>
                    </structure>
                    <structure>
                        <property name="position">9</property>
                        <property name="name">COUNT(insc2.Note)</property>
                        <property name="dataType">decimal</property>
                    </structure>
                    <structure>
                        <property name="position">10</property>
                        <property name="name">IDProgramme</property>
                        <property name="dataType">integer</property>
                    </structure>
                </list-property>
            </structure>
            <property name="dataSource">Funio_yolaine_clara</property>
            <list-property name="resultSet">
                <structure>
                    <property name="position">1</property>
                    <property name="name">IDInscription</property>
                    <property name="nativeName">IDInscription</property>
                    <property name="dataType">integer</property>
                    <property name="nativeDataType">4</property>
                </structure>
                <structure>
                    <property name="position">2</property>
                    <property name="name">IDEtudiant</property>
                    <property name="nativeName">IDEtudiant</property>
                    <property name="dataType">integer</property>
                    <property name="nativeDataType">4</property>
                </structure>
                <structure>
                    <property name="position">3</property>
                    <property name="name">IDEtudiantSession</property>
                    <property name="nativeName">IDEtudiantSession</property>
                    <property name="dataType">integer</property>
                    <property name="nativeDataType">4</property>
                </structure>
                <structure>
                    <property name="position">4</property>
                    <property name="name">COUNT(insc2.IDEtudiantSession)</property>
                    <property name="nativeName">COUNT(insc2.IDEtudiantSession)</property>
                    <property name="dataType">decimal</property>
                    <property name="nativeDataType">-5</property>
                </structure>
                <structure>
                    <property name="position">5</property>
                    <property name="name">Cohorte</property>
                    <property name="nativeName">Cohorte</property>
                    <property name="dataType">integer</property>
                    <property name="nativeDataType">4</property>
                </structure>
                <structure>
                    <property name="position">6</property>
                    <property name="name">AnSessionDebut</property>
                    <property name="nativeName">AnSessionDebut</property>
                    <property name="dataType">integer</property>
                    <property name="nativeDataType">4</property>
                </structure>
                <structure>
                    <property name="position">7</property>
                    <property name="name">AnSession</property>
                    <property name="nativeName">AnSession</property>
                    <property name="dataType">integer</property>
                    <property name="nativeDataType">4</property>
                </structure>
                <structure>
                    <property name="position">8</property>
                    <property name="name">Note</property>
                    <property name="nativeName">Note</property>
                    <property name="dataType">integer</property>
                    <property name="nativeDataType">4</property>
                </structure>
                <structure>
                    <property name="position">9</property>
                    <property name="name">COUNT(insc2.Note)</property>
                    <property name="nativeName">COUNT(insc2.Note)</property>
                    <property name="dataType">decimal</property>
                    <property name="nativeDataType">-5</property>
                </structure>
                <structure>
                    <property name="position">10</property>
                    <property name="name">IDProgramme</property>
                    <property name="nativeName">IDProgramme</property>
                    <property name="dataType">integer</property>
                    <property name="nativeDataType">4</property>
                </structure>
            </list-property>
            <xml-property name="queryText"><![CDATA[SELECT
	insc2.IDInscription,
	eSess.IDEtudiant,
	insc2.IDEtudiantSession,
    COUNT(insc2.IDEtudiantSession),
    adm.Cohorte,
    adm.AnSessionDebut,
	eSess.AnSession,
    insc2.Note,
    COUNT(insc2.Note),
    eSess.IDProgramme
FROM yolaine_clara.SIPECS_Table_Inscription insc2
JOIN yolaine_clara.SIPECS_Table_EtudiantSession eSess ON eSess.IDEtudiantSession = insc2.IDEtudiantSession
JOIN yolaine_clara.SIPECS_Table_Admission adm ON adm.IDEtudiant = eSess.IDEtudiant
	AND adm.IDAdmission = eSess.IDAdmission
	AND adm.IDProgramme = eSess.IDProgramme
	AND adm.AnSessionDebut = eSess.AnSession
WHERE insc2.Note >= 60
GROUP BY insc2.IDEtudiantSession]]></xml-property>
        </oda-data-set>
        <oda-data-set extensionID="org.eclipse.birt.report.data.oda.jdbc.JdbcSelectDataSet" name="nbr inscriptions" id="552">
            <list-property name="columnHints">
                <structure>
                    <property name="columnName">IDInscription</property>
                    <property name="analysis">measure</property>
                    <text-property name="displayName">IDInscription</text-property>
                    <text-property name="heading">IDInscription</text-property>
                </structure>
                <structure>
                    <property name="columnName">IDEtudiant</property>
                    <property name="analysis">measure</property>
                    <text-property name="displayName">IDEtudiant</text-property>
                    <text-property name="heading">IDEtudiant</text-property>
                </structure>
                <structure>
                    <property name="columnName">IDEtudiantSession</property>
                    <property name="analysis">measure</property>
                    <text-property name="displayName">IDEtudiantSession</text-property>
                    <text-property name="heading">IDEtudiantSession</text-property>
                </structure>
                <structure>
                    <property name="columnName">COUNT(insc.IDEtudiantSession)</property>
                    <property name="analysis">measure</property>
                    <text-property name="displayName">COUNT(insc.IDEtudiantSession)</text-property>
                    <text-property name="heading">COUNT(insc.IDEtudiantSession)</text-property>
                </structure>
                <structure>
                    <property name="columnName">Cohorte</property>
                    <property name="analysis">measure</property>
                    <text-property name="displayName">Cohorte</text-property>
                    <text-property name="heading">Cohorte</text-property>
                </structure>
                <structure>
                    <property name="columnName">AnSessionDebut</property>
                    <property name="analysis">measure</property>
                    <text-property name="displayName">AnSessionDebut</text-property>
                    <text-property name="heading">AnSessionDebut</text-property>
                </structure>
                <structure>
                    <property name="columnName">AnSession</property>
                    <property name="analysis">measure</property>
                    <text-property name="displayName">AnSession</text-property>
                    <text-property name="heading">AnSession</text-property>
                </structure>
                <structure>
                    <property name="columnName">Note</property>
                    <property name="analysis">measure</property>
                    <text-property name="displayName">Note</text-property>
                    <text-property name="heading">Note</text-property>
                </structure>
                <structure>
                    <property name="columnName">Ponderation</property>
                    <property name="analysis">measure</property>
                    <text-property name="displayName">Ponderation</text-property>
                    <text-property name="heading">Ponderation</text-property>
                </structure>
                <structure>
                    <property name="columnName">CodeRemarque</property>
                    <property name="analysis">dimension</property>
                    <text-property name="displayName">CodeRemarque</text-property>
                    <text-property name="heading">CodeRemarque</text-property>
                </structure>
                <structure>
                    <property name="columnName">IDProgramme</property>
                    <property name="analysis">measure</property>
                    <text-property name="displayName">IDProgramme</text-property>
                    <text-property name="heading">IDProgramme</text-property>
                </structure>
            </list-property>
            <list-property name="filter">
                <structure>
                    <property name="operator">eq</property>
                    <expression name="expr" type="javascript">row["IDProgramme"]</expression>
                    <simple-property-list name="value1">
                        <value>params["param_programme"].value</value>
                    </simple-property-list>
                </structure>
            </list-property>
            <list-property name="parameters"/>
            <structure name="cachedMetaData">
                <list-property name="resultSet">
                    <structure>
                        <property name="position">1</property>
                        <property name="name">IDInscription</property>
                        <property name="dataType">integer</property>
                    </structure>
                    <structure>
                        <property name="position">2</property>
                        <property name="name">IDEtudiant</property>
                        <property name="dataType">integer</property>
                    </structure>
                    <structure>
                        <property name="position">3</property>
                        <property name="name">IDEtudiantSession</property>
                        <property name="dataType">integer</property>
                    </structure>
                    <structure>
                        <property name="position">4</property>
                        <property name="name">COUNT(insc.IDEtudiantSession)</property>
                        <property name="dataType">decimal</property>
                    </structure>
                    <structure>
                        <property name="position">5</property>
                        <property name="name">Cohorte</property>
                        <property name="dataType">integer</property>
                    </structure>
                    <structure>
                        <property name="position">6</property>
                        <property name="name">AnSessionDebut</property>
                        <property name="dataType">integer</property>
                    </structure>
                    <structure>
                        <property name="position">7</property>
                        <property name="name">AnSession</property>
                        <property name="dataType">integer</property>
                    </structure>
                    <structure>
                        <property name="position">8</property>
                        <property name="name">Note</property>
                        <property name="dataType">integer</property>
                    </structure>
                    <structure>
                        <property name="position">9</property>
                        <property name="name">Ponderation</property>
                        <property name="dataType">integer</property>
                    </structure>
                    <structure>
                        <property name="position">10</property>
                        <property name="name">CodeRemarque</property>
                        <property name="dataType">string</property>
                    </structure>
                    <structure>
                        <property name="position">11</property>
                        <property name="name">IDProgramme</property>
                        <property name="dataType">integer</property>
                    </structure>
                </list-property>
            </structure>
            <property name="dataSource">Funio_yolaine_clara</property>
            <list-property name="resultSet">
                <structure>
                    <property name="position">1</property>
                    <property name="name">IDInscription</property>
                    <property name="nativeName">IDInscription</property>
                    <property name="dataType">integer</property>
                    <property name="nativeDataType">4</property>
                </structure>
                <structure>
                    <property name="position">2</property>
                    <property name="name">IDEtudiant</property>
                    <property name="nativeName">IDEtudiant</property>
                    <property name="dataType">integer</property>
                    <property name="nativeDataType">4</property>
                </structure>
                <structure>
                    <property name="position">3</property>
                    <property name="name">IDEtudiantSession</property>
                    <property name="nativeName">IDEtudiantSession</property>
                    <property name="dataType">integer</property>
                    <property name="nativeDataType">4</property>
                </structure>
                <structure>
                    <property name="position">4</property>
                    <property name="name">COUNT(insc.IDEtudiantSession)</property>
                    <property name="nativeName">COUNT(insc.IDEtudiantSession)</property>
                    <property name="dataType">decimal</property>
                    <property name="nativeDataType">-5</property>
                </structure>
                <structure>
                    <property name="position">5</property>
                    <property name="name">Cohorte</property>
                    <property name="nativeName">Cohorte</property>
                    <property name="dataType">integer</property>
                    <property name="nativeDataType">4</property>
                </structure>
                <structure>
                    <property name="position">6</property>
                    <property name="name">AnSessionDebut</property>
                    <property name="nativeName">AnSessionDebut</property>
                    <property name="dataType">integer</property>
                    <property name="nativeDataType">4</property>
                </structure>
                <structure>
                    <property name="position">7</property>
                    <property name="name">AnSession</property>
                    <property name="nativeName">AnSession</property>
                    <property name="dataType">integer</property>
                    <property name="nativeDataType">4</property>
                </structure>
                <structure>
                    <property name="position">8</property>
                    <property name="name">Note</property>
                    <property name="nativeName">Note</property>
                    <property name="dataType">integer</property>
                    <property name="nativeDataType">4</property>
                </structure>
                <structure>
                    <property name="position">9</property>
                    <property name="name">Ponderation</property>
                    <property name="nativeName">Ponderation</property>
                    <property name="dataType">integer</property>
                    <property name="nativeDataType">4</property>
                </structure>
                <structure>
                    <property name="position">10</property>
                    <property name="name">CodeRemarque</property>
                    <property name="nativeName">CodeRemarque</property>
                    <property name="dataType">string</property>
                    <property name="nativeDataType">12</property>
                </structure>
                <structure>
                    <property name="position">11</property>
                    <property name="name">IDProgramme</property>
                    <property name="nativeName">IDProgramme</property>
                    <property name="dataType">integer</property>
                    <property name="nativeDataType">4</property>
                </structure>
            </list-property>
            <xml-property name="queryText"><![CDATA[SELECT 
	insc.IDInscription,
	eSess.IDEtudiant,
	insc.IDEtudiantSession,
    COUNT(insc.IDEtudiantSession),
    adm.Cohorte,
    adm.AnSessionDebut,
	eSess.AnSession,
    insc.Note,
    insc.Ponderation,
    insc.CodeRemarque,
    eSess.IDProgramme
FROM yolaine_clara.SIPECS_Table_Inscription insc
JOIN yolaine_clara.SIPECS_Table_EtudiantSession eSess ON eSess.IDEtudiantSession = insc.IDEtudiantSession
JOIN yolaine_clara.SIPECS_Table_Admission adm ON adm.IDEtudiant = eSess.IDEtudiant
	AND adm.IDAdmission = eSess.IDAdmission
    AND adm.IDProgramme = eSess.IDProgramme
    AND adm.AnSessionDebut = eSess.AnSession
WHERE insc.IDUniteOrg IN (214, 289, 504, 665)
GROUP BY insc.IDEtudiantSession]]></xml-property>
            <xml-property name="designerValues"><![CDATA[<?xml version="1.0" encoding="UTF-8"?>
<model:DesignValues xmlns:design="http://www.eclipse.org/datatools/connectivity/oda/design" xmlns:model="http://www.eclipse.org/birt/report/model/adapter/odaModel">
  <Version>2.0</Version>
  <design:ResultSets derivedMetaData="true">
    <design:resultSetDefinitions>
      <design:resultSetColumns>
        <design:resultColumnDefinitions>
          <design:attributes>
            <design:identifier>
              <design:name>IDInscription</design:name>
              <design:position>1</design:position>
            </design:identifier>
            <design:nativeDataTypeCode>4</design:nativeDataTypeCode>
            <design:precision>11</design:precision>
            <design:scale>0</design:scale>
            <design:nullability>NotNullable</design:nullability>
            <design:uiHints>
              <design:displayName>IDInscription</design:displayName>
            </design:uiHints>
          </design:attributes>
          <design:usageHints>
            <design:label>IDInscription</design:label>
            <design:formattingHints>
              <design:displaySize>11</design:displaySize>
            </design:formattingHints>
          </design:usageHints>
        </design:resultColumnDefinitions>
        <design:resultColumnDefinitions>
          <design:attributes>
            <design:identifier>
              <design:name>COUNT(insc.IDEtudiantSession)</design:name>
              <design:position>2</design:position>
            </design:identifier>
            <design:nativeDataTypeCode>-5</design:nativeDataTypeCode>
            <design:precision>21</design:precision>
            <design:scale>0</design:scale>
            <design:nullability>NotNullable</design:nullability>
            <design:uiHints>
              <design:displayName>COUNT(insc.IDEtudiantSession)</design:displayName>
            </design:uiHints>
          </design:attributes>
          <design:usageHints>
            <design:label>COUNT(insc.IDEtudiantSession)</design:label>
            <design:formattingHints>
              <design:displaySize>21</design:displaySize>
            </design:formattingHints>
          </design:usageHints>
        </design:resultColumnDefinitions>
        <design:resultColumnDefinitions>
          <design:attributes>
            <design:identifier>
              <design:name>Cohorte</design:name>
              <design:position>3</design:position>
            </design:identifier>
            <design:nativeDataTypeCode>4</design:nativeDataTypeCode>
            <design:precision>11</design:precision>
            <design:scale>0</design:scale>
            <design:nullability>Nullable</design:nullability>
            <design:uiHints>
              <design:displayName>Cohorte</design:displayName>
            </design:uiHints>
          </design:attributes>
          <design:usageHints>
            <design:label>Cohorte</design:label>
            <design:formattingHints>
              <design:displaySize>11</design:displaySize>
            </design:formattingHints>
          </design:usageHints>
        </design:resultColumnDefinitions>
        <design:resultColumnDefinitions>
          <design:attributes>
            <design:identifier>
              <design:name>AnSessionDebut</design:name>
              <design:position>4</design:position>
            </design:identifier>
            <design:nativeDataTypeCode>4</design:nativeDataTypeCode>
            <design:precision>11</design:precision>
            <design:scale>0</design:scale>
            <design:nullability>NotNullable</design:nullability>
            <design:uiHints>
              <design:displayName>AnSessionDebut</design:displayName>
            </design:uiHints>
          </design:attributes>
          <design:usageHints>
            <design:label>AnSessionDebut</design:label>
            <design:formattingHints>
              <design:displaySize>11</design:displaySize>
            </design:formattingHints>
          </design:usageHints>
        </design:resultColumnDefinitions>
        <design:resultColumnDefinitions>
          <design:attributes>
            <design:identifier>
              <design:name>AnSession</design:name>
              <design:position>5</design:position>
            </design:identifier>
            <design:nativeDataTypeCode>4</design:nativeDataTypeCode>
            <design:precision>11</design:precision>
            <design:scale>0</design:scale>
            <design:nullability>NotNullable</design:nullability>
            <design:uiHints>
              <design:displayName>AnSession</design:displayName>
            </design:uiHints>
          </design:attributes>
          <design:usageHints>
            <design:label>AnSession</design:label>
            <design:formattingHints>
              <design:displaySize>11</design:displaySize>
            </design:formattingHints>
          </design:usageHints>
        </design:resultColumnDefinitions>
        <design:resultColumnDefinitions>
          <design:attributes>
            <design:identifier>
              <design:name>Note</design:name>
              <design:position>6</design:position>
            </design:identifier>
            <design:nativeDataTypeCode>4</design:nativeDataTypeCode>
            <design:precision>11</design:precision>
            <design:scale>0</design:scale>
            <design:nullability>Nullable</design:nullability>
            <design:uiHints>
              <design:displayName>Note</design:displayName>
            </design:uiHints>
          </design:attributes>
          <design:usageHints>
            <design:label>Note</design:label>
            <design:formattingHints>
              <design:displaySize>11</design:displaySize>
            </design:formattingHints>
          </design:usageHints>
        </design:resultColumnDefinitions>
        <design:resultColumnDefinitions>
          <design:attributes>
            <design:identifier>
              <design:name>Ponderation</design:name>
              <design:position>7</design:position>
            </design:identifier>
            <design:nativeDataTypeCode>4</design:nativeDataTypeCode>
            <design:precision>11</design:precision>
            <design:scale>0</design:scale>
            <design:nullability>NotNullable</design:nullability>
            <design:uiHints>
              <design:displayName>Ponderation</design:displayName>
            </design:uiHints>
          </design:attributes>
          <design:usageHints>
            <design:label>Ponderation</design:label>
            <design:formattingHints>
              <design:displaySize>11</design:displaySize>
            </design:formattingHints>
          </design:usageHints>
        </design:resultColumnDefinitions>
        <design:resultColumnDefinitions>
          <design:attributes>
            <design:identifier>
              <design:name>CodeRemarque</design:name>
              <design:position>8</design:position>
            </design:identifier>
            <design:nativeDataTypeCode>12</design:nativeDataTypeCode>
            <design:precision>2</design:precision>
            <design:scale>0</design:scale>
            <design:nullability>Nullable</design:nullability>
            <design:uiHints>
              <design:displayName>CodeRemarque</design:displayName>
            </design:uiHints>
          </design:attributes>
          <design:usageHints>
            <design:label>CodeRemarque</design:label>
            <design:formattingHints>
              <design:displaySize>2</design:displaySize>
            </design:formattingHints>
          </design:usageHints>
        </design:resultColumnDefinitions>
        <design:resultColumnDefinitions>
          <design:attributes>
            <design:identifier>
              <design:name>IDProgramme</design:name>
              <design:position>9</design:position>
            </design:identifier>
            <design:nativeDataTypeCode>4</design:nativeDataTypeCode>
            <design:precision>11</design:precision>
            <design:scale>0</design:scale>
            <design:nullability>NotNullable</design:nullability>
            <design:uiHints>
              <design:displayName>IDProgramme</design:displayName>
            </design:uiHints>
          </design:attributes>
          <design:usageHints>
            <design:label>IDProgramme</design:label>
            <design:formattingHints>
              <design:displaySize>11</design:displaySize>
            </design:formattingHints>
          </design:usageHints>
        </design:resultColumnDefinitions>
      </design:resultSetColumns>
      <design:criteria/>
    </design:resultSetDefinitions>
  </design:ResultSets>
</model:DesignValues>]]></xml-property>
        </oda-data-set>
        <joint-data-set name="notes_inscriptions" id="553">
            <list-property name="columnHints">
                <structure>
                    <property name="columnName">nbr_notes::IDEtudiantSession</property>
                    <property name="alias">nbr_notes::IDEtudiantSession</property>
                    <property name="analysis">measure</property>
                    <text-property name="displayName">nbr_notes::IDEtudiantSession</text-property>
                </structure>
                <structure>
                    <property name="columnName">nbr_notes::IDInscription</property>
                    <property name="alias">nbr_notes::IDInscription</property>
                    <property name="analysis">measure</property>
                    <text-property name="displayName">nbr_notes::IDInscription</text-property>
                </structure>
                <structure>
                    <property name="columnName">nbr_notes::IDProgramme</property>
                    <property name="alias">nbr_notes::IDProgramme</property>
                    <property name="analysis">measure</property>
                    <text-property name="displayName">nbr_notes::IDProgramme</text-property>
                </structure>
                <structure>
                    <property name="columnName">nbr inscriptions::IDProgramme</property>
                    <property name="alias">nbr inscriptions::IDProgramme</property>
                    <property name="analysis">measure</property>
                    <text-property name="displayName">nbr inscriptions::IDProgramme</text-property>
                </structure>
                <structure>
                    <property name="columnName">nbr_notes::AnSessionDebut</property>
                    <property name="alias">nbr_notes::AnSessionDebut</property>
                    <property name="analysis">measure</property>
                    <text-property name="displayName">nbr_notes::AnSessionDebut</text-property>
                </structure>
                <structure>
                    <property name="columnName">nbr inscriptions::CodeRemarque</property>
                    <property name="alias">CodeRemarque</property>
                    <property name="analysis">dimension</property>
                    <text-property name="displayName">nbr inscriptions::CodeRemarque</text-property>
                </structure>
                <structure>
                    <property name="columnName">nbr inscriptions::IDEtudiantSession</property>
                    <property name="alias">nbr inscriptions::IDEtudiantSession</property>
                    <property name="analysis">measure</property>
                    <text-property name="displayName">nbr inscriptions::IDEtudiantSession</text-property>
                </structure>
                <structure>
                    <property name="columnName">nbr inscriptions::AnSessionDebut</property>
                    <property name="alias">nbr inscriptions::AnSessionDebut</property>
                    <property name="analysis">measure</property>
                    <text-property name="displayName">nbr inscriptions::AnSessionDebut</text-property>
                </structure>
                <structure>
                    <property name="columnName">nbr inscriptions::COUNT(insc.IDEtudiantSession)</property>
                    <property name="alias">COUNT(insc.IDEtudiantSession)</property>
                    <property name="analysis">measure</property>
                    <text-property name="displayName">nbr inscriptions::COUNT(insc.IDEtudiantSession)</text-property>
                </structure>
                <structure>
                    <property name="columnName">nbr inscriptions::IDInscription</property>
                    <property name="alias">nbr inscriptions::IDInscription</property>
                    <property name="analysis">measure</property>
                    <text-property name="displayName">nbr inscriptions::IDInscription</text-property>
                </structure>
                <structure>
                    <property name="columnName">nbr inscriptions::Ponderation</property>
                    <property name="alias">Ponderation</property>
                    <property name="analysis">measure</property>
                    <text-property name="displayName">nbr inscriptions::Ponderation</text-property>
                </structure>
                <structure>
                    <property name="columnName">nbr inscriptions::Cohorte</property>
                    <property name="alias">nbr inscriptions::Cohorte</property>
                    <property name="analysis">measure</property>
                    <text-property name="displayName">nbr inscriptions::Cohorte</text-property>
                </structure>
                <structure>
                    <property name="columnName">nbr_notes::COUNT(insc2.IDEtudiantSession)</property>
                    <property name="alias">COUNT(insc2.IDEtudiantSession)</property>
                    <property name="analysis">measure</property>
                    <text-property name="displayName">nbr_notes::COUNT(insc2.IDEtudiantSession)</text-property>
                </structure>
                <structure>
                    <property name="columnName">nbr_notes::Note</property>
                    <property name="alias">nbr_notes::Note</property>
                    <property name="analysis">measure</property>
                    <text-property name="displayName">nbr_notes::Note</text-property>
                </structure>
                <structure>
                    <property name="columnName">nbr inscriptions::Note</property>
                    <property name="alias">nbr inscriptions::Note</property>
                    <property name="analysis">measure</property>
                    <text-property name="displayName">nbr inscriptions::Note</text-property>
                </structure>
                <structure>
                    <property name="columnName">nbr_notes::Cohorte</property>
                    <property name="alias">nbr_notes::Cohorte</property>
                    <property name="analysis">measure</property>
                    <text-property name="displayName">nbr_notes::Cohorte</text-property>
                </structure>
                <structure>
                    <property name="columnName">nbr_notes::AnSession</property>
                    <property name="alias">nbr_notes::AnSession</property>
                    <property name="analysis">measure</property>
                    <text-property name="displayName">nbr_notes::AnSession</text-property>
                </structure>
                <structure>
                    <property name="columnName">nbr inscriptions::AnSession</property>
                    <property name="alias">nbr inscriptions::AnSession</property>
                    <property name="analysis">measure</property>
                    <text-property name="displayName">nbr inscriptions::AnSession</text-property>
                </structure>
                <structure>
                    <property name="columnName">nbr_notes::COUNT(insc2.Note)</property>
                    <property name="alias">nbr_notes::COUNT(insc2.Note)</property>
                    <property name="analysis">measure</property>
                </structure>
            </list-property>
            <list-property name="filter">
                <structure>
                    <property name="operator">eq</property>
                    <expression name="expr" type="javascript">row["nbr_notes::IDProgramme"]</expression>
                    <simple-property-list name="value1">
                        <value>params["param_programme"].value</value>
                    </simple-property-list>
                </structure>
            </list-property>
            <structure name="cachedMetaData">
                <list-property name="resultSet">
                    <structure>
                        <property name="position">1</property>
                        <property name="name">nbr_notes::IDInscription</property>
                        <property name="dataType">integer</property>
                    </structure>
                    <structure>
                        <property name="position">2</property>
                        <property name="name">nbr_notes::IDEtudiant</property>
                        <property name="dataType">integer</property>
                    </structure>
                    <structure>
                        <property name="position">3</property>
                        <property name="name">nbr_notes::IDEtudiantSession</property>
                        <property name="dataType">integer</property>
                    </structure>
                    <structure>
                        <property name="position">4</property>
                        <property name="name">COUNT(insc2.IDEtudiantSession)</property>
                        <property name="dataType">decimal</property>
                    </structure>
                    <structure>
                        <property name="position">5</property>
                        <property name="name">nbr_notes::Cohorte</property>
                        <property name="dataType">integer</property>
                    </structure>
                    <structure>
                        <property name="position">6</property>
                        <property name="name">nbr_notes::AnSessionDebut</property>
                        <property name="dataType">integer</property>
                    </structure>
                    <structure>
                        <property name="position">7</property>
                        <property name="name">nbr_notes::AnSession</property>
                        <property name="dataType">integer</property>
                    </structure>
                    <structure>
                        <property name="position">8</property>
                        <property name="name">nbr_notes::Note</property>
                        <property name="dataType">integer</property>
                    </structure>
                    <structure>
                        <property name="position">9</property>
                        <property name="name">nbr_notes::COUNT(insc2.Note)</property>
                        <property name="dataType">decimal</property>
                    </structure>
                    <structure>
                        <property name="position">10</property>
                        <property name="name">nbr_notes::IDProgramme</property>
                        <property name="dataType">integer</property>
                    </structure>
                    <structure>
                        <property name="position">11</property>
                        <property name="name">nbr inscriptions::IDInscription</property>
                        <property name="dataType">integer</property>
                    </structure>
                    <structure>
                        <property name="position">12</property>
                        <property name="name">nbr inscriptions::IDEtudiant</property>
                        <property name="dataType">integer</property>
                    </structure>
                    <structure>
                        <property name="position">13</property>
                        <property name="name">nbr inscriptions::IDEtudiantSession</property>
                        <property name="dataType">integer</property>
                    </structure>
                    <structure>
                        <property name="position">14</property>
                        <property name="name">COUNT(insc.IDEtudiantSession)</property>
                        <property name="dataType">decimal</property>
                    </structure>
                    <structure>
                        <property name="position">15</property>
                        <property name="name">nbr inscriptions::Cohorte</property>
                        <property name="dataType">integer</property>
                    </structure>
                    <structure>
                        <property name="position">16</property>
                        <property name="name">nbr inscriptions::AnSessionDebut</property>
                        <property name="dataType">integer</property>
                    </structure>
                    <structure>
                        <property name="position">17</property>
                        <property name="name">nbr inscriptions::AnSession</property>
                        <property name="dataType">integer</property>
                    </structure>
                    <structure>
                        <property name="position">18</property>
                        <property name="name">nbr inscriptions::Note</property>
                        <property name="dataType">integer</property>
                    </structure>
                    <structure>
                        <property name="position">19</property>
                        <property name="name">Ponderation</property>
                        <property name="dataType">integer</property>
                    </structure>
                    <structure>
                        <property name="position">20</property>
                        <property name="name">CodeRemarque</property>
                        <property name="dataType">string</property>
                    </structure>
                    <structure>
                        <property name="position">21</property>
                        <property name="name">nbr inscriptions::IDProgramme</property>
                        <property name="dataType">integer</property>
                    </structure>
                </list-property>
            </structure>
            <simple-property-list name="dataSets">
                <value>nbr_notes</value>
                <value>nbr inscriptions</value>
            </simple-property-list>
            <list-property name="joinConditions">
                <structure>
                    <property name="joinType">inner</property>
                    <property name="joinOperator">eq</property>
                    <property name="leftDataSet">nbr_notes</property>
                    <property name="rightDataSet">nbr inscriptions</property>
                    <expression name="leftExpression">dataSetRow["IDEtudiantSession"]</expression>
                    <expression name="rightExpression">dataSetRow["IDEtudiantSession"]</expression>
                </structure>
            </list-property>
        </joint-data-set>
    </data-sets>
    <cubes>
        <tabular-cube name="Data Cube" id="1977">
            <property name="dimensions">
                <tabular-dimension name="EtudiantSession" id="1620">
                    <property name="defaultHierarchy">NewTabularHierarchy1</property>
                    <property name="hierarchies">
                        <tabular-hierarchy name="NewTabularHierarchy1" id="1621">
                            <property name="levels">
                                <tabular-level name="nbr inscriptions::IDEtudiantSession" id="1622">
                                    <property name="dataType">integer</property>
                                    <property name="columnName">nbr inscriptions::IDEtudiantSession</property>
                                </tabular-level>
                            </property>
                        </tabular-hierarchy>
                    </property>
                </tabular-dimension>
                <tabular-dimension name="gr_AnSession" id="1641">
                    <property name="defaultHierarchy">NewTabularHierarchy2</property>
                    <property name="hierarchies">
                        <tabular-hierarchy name="NewTabularHierarchy2" id="1642">
                            <property name="levels">
                                <tabular-level name="nbr inscriptions::AnSession" id="1643">
                                    <property name="dataType">integer</property>
                                    <property name="columnName">nbr inscriptions::AnSession</property>
                                </tabular-level>
                            </property>
                        </tabular-hierarchy>
                    </property>
                </tabular-dimension>
                <tabular-dimension name="IDEtudiant" id="1742">
                    <property name="defaultHierarchy">NewTabularHierarchy3</property>
                    <property name="hierarchies">
                        <tabular-hierarchy name="NewTabularHierarchy3" id="1743">
                            <property name="levels">
                                <tabular-level name="nbr inscriptions::IDEtudiant" id="1744">
                                    <property name="dataType">integer</property>
                                    <property name="columnName">nbr inscriptions::IDEtudiant</property>
                                </tabular-level>
                            </property>
                        </tabular-hierarchy>
                    </property>
                </tabular-dimension>
            </property>
            <property name="measureGroups">
                <tabular-measure-group name="count_note" id="1571">
                    <property name="measures">
                        <tabular-measure name="count_nbrNote" id="1572">
                            <property name="function">count</property>
                            <property name="isCalculated">false</property>
                            <expression name="measureExpression" type="javascript">dataSetRow["nbr_notes::Note"]</expression>
                            <property name="dataType">integer</property>
                            <property name="isVisible">true</property>
                        </tabular-measure>
                    </property>
                </tabular-measure-group>
                <tabular-measure-group name="count_inscr" id="1573">
                    <property name="measures">
                        <tabular-measure name="count_etudiantSesison" id="1574">
                            <property name="function">count</property>
                            <property name="isCalculated">false</property>
                            <expression name="measureExpression" type="javascript">dataSetRow["COUNT(insc.IDEtudiantSession)"]</expression>
                            <property name="dataType">integer</property>
                            <property name="isVisible">true</property>
                        </tabular-measure>
                    </property>
                </tabular-measure-group>
                <tabular-measure-group name="sum_Etudiant" id="1670">
                    <property name="measures">
                        <tabular-measure name="sum_insc2_IDEtudiantSession)" id="1671">
                            <property name="function">sum</property>
                            <property name="isCalculated">false</property>
                            <expression name="measureExpression" type="javascript">dataSetRow["COUNT(insc2.IDEtudiantSession)"]</expression>
                            <property name="dataType">decimal</property>
                            <property name="isVisible">true</property>
                        </tabular-measure>
                    </property>
                </tabular-measure-group>
                <tabular-measure-group name="sum_note" id="1672">
                    <property name="measures">
                        <tabular-measure name="sum_insc2_Note)" id="1673">
                            <property name="function">sum</property>
                            <property name="isCalculated">false</property>
                            <expression name="measureExpression" type="javascript">dataSetRow["nbr_notes::COUNT(insc2.Note)"]</expression>
                            <property name="dataType">decimal</property>
                            <property name="isVisible">true</property>
                        </tabular-measure>
                    </property>
                </tabular-measure-group>
                <tabular-measure-group name="Summary Field2" id="1785">
                    <property name="measures">
                        <tabular-measure name="taux_reussite" id="1786">
                            <property name="isCalculated">true</property>
                            <expression name="measureExpression" type="javascript">measure["sum_insc2_Note)"] / measure["count_etudiantSesison"]</expression>
                            <property name="dataType">decimal</property>
                            <property name="isVisible">true</property>
                        </tabular-measure>
                    </property>
                </tabular-measure-group>
            </property>
            <property name="dataSet">notes_inscriptions</property>
        </tabular-cube>
    </cubes>
    <page-setup>
        <simple-master-page name="Simple MasterPage" id="2">
            <page-footer>
                <text id="3">
                    <property name="contentType">html</property>
                    <text-property name="content"><![CDATA[<value-of>new Date()</value-of>]]></text-property>
                </text>
            </page-footer>
        </simple-master-page>
    </page-setup>
    <body>
        <grid id="556">
            <column id="557"/>
            <row id="558">
                <cell id="559">
                    <extended-item extensionName="Crosstab" extensionVersion="3.7.0" id="1912">
                        <property name="cube">Data Cube</property>
                        <property name="measures">
                            <extended-item extensionName="MeasureView" id="1949">
                                <property name="measure">taux_reussite</property>
                                <property name="detail">
                                    <extended-item extensionName="AggregationCell" id="1950">
                                        <property name="aggregationOnRow">IDEtudiant/nbr inscriptions::IDEtudiant</property>
                                        <property name="paddingTop">0pt</property>
                                        <property name="paddingLeft">0pt</property>
                                        <property name="paddingBottom">0pt</property>
                                        <property name="paddingRight">0pt</property>
                                        <property name="width">5.305555555555555in</property>
                                        <property name="content">
                                            <data id="1951">
                                                <property name="paddingTop">0pt</property>
                                                <property name="paddingLeft">0pt</property>
                                                <property name="paddingBottom">0pt</property>
                                                <property name="paddingRight">0pt</property>
                                                <list-property name="visibility">
                                                    <structure>
                                                        <property name="format">all</property>
                                                        <expression name="valueExpr" type="javascript">true</expression>
                                                    </structure>
                                                </list-property>
                                                <property name="resultSetColumn">taux_reussite_IDEtudiant/nbr inscriptions::IDEtudiant</property>
                                            </data>
                                        </property>
                                    </extended-item>
                                </property>
                                <property name="aggregations">
                                    <extended-item extensionName="AggregationCell" id="1972">
                                        <property name="aggregationOnRow">gr_AnSession/nbr inscriptions::AnSession</property>
                                        <property name="borderBottomStyle">solid</property>
                                        <property name="borderBottomWidth">thin</property>
                                        <property name="borderBottomColor">#C0C0C0</property>
                                        <property name="content">
                                            <data id="1973">
                                                <structure name="numberFormat">
                                                    <property name="category">Custom</property>
                                                    <property name="pattern">0.00%</property>
                                                </structure>
                                                <property name="resultSetColumn">taux_reussite_gr_AnSession/nbr inscriptions::AnSession</property>
                                            </data>
                                        </property>
                                    </extended-item>
                                </property>
                                <property name="header">
                                    <extended-item extensionName="CrosstabCell" id="1952">
                                        <property name="content">
                                            <label id="1953">
                                                <property name="textAlign">left</property>
                                                <text-property name="text">Taux de réussite moyen</text-property>
                                            </label>
                                        </property>
                                        <property name="borderBottomStyle">solid</property>
                                        <property name="borderBottomWidth">thin</property>
                                        <property name="borderBottomColor">#C0C0C0</property>
                                    </extended-item>
                                </property>
                            </extended-item>
                        </property>
                        <property name="rows">
                            <extended-item extensionName="CrosstabView" id="1914">
                                <property name="views">
                                    <extended-item extensionName="DimensionView" id="1919">
                                        <property name="dimension">gr_AnSession</property>
                                        <property name="levels">
                                            <extended-item extensionName="LevelView" name="NewLevel View1" id="1920">
                                                <property name="level">gr_AnSession/nbr inscriptions::AnSession</property>
                                                <property name="member">
                                                    <extended-item extensionName="CrosstabCell" id="1921">
                                                        <property name="content">
                                                            <data name="nbr inscriptions::AnSession" id="1923">
                                                                <property name="resultSetColumn">nbr inscriptions::AnSession</property>
                                                            </data>
                                                        </property>
                                                        <property name="borderBottomStyle">solid</property>
                                                        <property name="borderBottomWidth">thin</property>
                                                        <property name="borderBottomColor">#C0C0C0</property>
                                                        <property name="paddingTop">0pt</property>
                                                        <property name="paddingLeft">0pt</property>
                                                        <property name="paddingBottom">0pt</property>
                                                        <property name="paddingRight">0pt</property>
                                                        <property name="width">1.3472222222222223in</property>
                                                    </extended-item>
                                                </property>
                                                <property name="aggregationHeader">
                                                    <extended-item extensionName="CrosstabCell" id="1967">
                                                        <property name="borderTopStyle">none</property>
                                                        <property name="borderLeftStyle">none</property>
                                                        <property name="borderBottomStyle">solid</property>
                                                        <property name="borderBottomWidth">thin</property>
                                                        <property name="borderBottomColor">#C0C0C0</property>
                                                        <property name="borderRightStyle">none</property>
                                                    </extended-item>
                                                </property>
                                            </extended-item>
                                        </property>
                                    </extended-item>
                                    <extended-item extensionName="DimensionView" id="1915">
                                        <property name="dimension">EtudiantSession</property>
                                        <property name="levels">
                                            <extended-item extensionName="LevelView" name="NewLevel View" id="1916">
                                                <property name="level">EtudiantSession/nbr inscriptions::IDEtudiantSession</property>
                                                <property name="member">
                                                    <extended-item extensionName="CrosstabCell" id="1917">
                                                        <property name="content">
                                                            <data name="nbr inscriptions::IDEtudiantSession" id="1918">
                                                                <property name="paddingTop">0pt</property>
                                                                <property name="paddingLeft">0pt</property>
                                                                <property name="paddingBottom">0pt</property>
                                                                <property name="paddingRight">0pt</property>
                                                                <list-property name="visibility">
                                                                    <structure>
                                                                        <property name="format">all</property>
                                                                        <expression name="valueExpr" type="javascript">true</expression>
                                                                    </structure>
                                                                </list-property>
                                                                <property name="resultSetColumn">nbr inscriptions::IDEtudiantSession</property>
                                                            </data>
                                                        </property>
                                                        <property name="whiteSpace">nowrap</property>
                                                        <property name="borderTopStyle">none</property>
                                                        <property name="borderLeftStyle">none</property>
                                                        <property name="borderBottomStyle">none</property>
                                                        <property name="borderRightStyle">none</property>
                                                        <property name="paddingTop">0pt</property>
                                                        <property name="paddingLeft">0pt</property>
                                                        <property name="paddingBottom">0pt</property>
                                                        <property name="paddingRight">0pt</property>
                                                        <property name="width">0.5138888888888888in</property>
                                                    </extended-item>
                                                </property>
                                            </extended-item>
                                        </property>
                                    </extended-item>
                                    <extended-item extensionName="DimensionView" id="1924">
                                        <property name="dimension">IDEtudiant</property>
                                        <property name="levels">
                                            <extended-item extensionName="LevelView" name="NewLevel View2" id="1925">
                                                <property name="level">IDEtudiant/nbr inscriptions::IDEtudiant</property>
                                                <property name="member">
                                                    <extended-item extensionName="CrosstabCell" id="1926">
                                                        <property name="content">
                                                            <data name="nbr inscriptions::IDEtudiant" id="1928">
                                                                <property name="paddingTop">0pt</property>
                                                                <property name="paddingLeft">0pt</property>
                                                                <property name="paddingBottom">0pt</property>
                                                                <property name="paddingRight">0pt</property>
                                                                <list-property name="visibility">
                                                                    <structure>
                                                                        <property name="format">all</property>
                                                                        <expression name="valueExpr" type="javascript">true</expression>
                                                                    </structure>
                                                                </list-property>
                                                                <property name="resultSetColumn">nbr inscriptions::IDEtudiant</property>
                                                            </data>
                                                        </property>
                                                        <property name="whiteSpace">nowrap</property>
                                                        <property name="borderTopStyle">none</property>
                                                        <property name="borderLeftStyle">none</property>
                                                        <property name="borderBottomStyle">none</property>
                                                        <property name="borderRightStyle">none</property>
                                                        <property name="paddingTop">0pt</property>
                                                        <property name="paddingLeft">0pt</property>
                                                        <property name="paddingBottom">0pt</property>
                                                        <property name="paddingRight">0pt</property>
                                                        <property name="width">0.5694444444444444in</property>
                                                    </extended-item>
                                                </property>
                                            </extended-item>
                                        </property>
                                    </extended-item>
                                </property>
                            </extended-item>
                        </property>
                        <property name="header">
                            <extended-item extensionName="CrosstabCell" id="1965">
                                <property name="content">
                                    <label id="1966">
                                        <text-property name="text">An Session</text-property>
                                    </label>
                                </property>
                                <property name="borderBottomStyle">solid</property>
                                <property name="borderBottomWidth">thin</property>
                                <property name="borderBottomColor">#C0C0C0</property>
                            </extended-item>
                            <extended-item extensionName="CrosstabCell" id="1913">
                                <property name="content">
                                    <label id="1954">
                                        <list-property name="visibility">
                                            <structure>
                                                <property name="format">all</property>
                                                <expression name="valueExpr" type="javascript">true</expression>
                                            </structure>
                                        </list-property>
                                        <text-property name="text">nbr inscriptions::IDEtudiantSession</text-property>
                                    </label>
                                </property>
                                <property name="borderBottomStyle">solid</property>
                                <property name="borderBottomWidth">thin</property>
                                <property name="borderBottomColor">#C0C0C0</property>
                            </extended-item>
                            <extended-item extensionName="CrosstabCell" id="1927">
                                <property name="content">
                                    <label id="1956">
                                        <list-property name="visibility">
                                            <structure>
                                                <property name="format">all</property>
                                                <expression name="valueExpr" type="javascript">true</expression>
                                            </structure>
                                        </list-property>
                                        <text-property name="text">nbr inscriptions::IDEtudiant</text-property>
                                    </label>
                                </property>
                                <property name="borderBottomStyle">solid</property>
                                <property name="borderBottomWidth">thin</property>
                                <property name="borderBottomColor">#C0C0C0</property>
                            </extended-item>
                        </property>
                        <property name="textAlign">left</property>
                        <property name="verticalAlign">middle</property>
                        <property name="borderTopStyle">solid</property>
                        <property name="borderTopWidth">thin</property>
                        <property name="borderTopColor">#C0C0C0</property>
                        <property name="borderLeftStyle">solid</property>
                        <property name="borderLeftWidth">thin</property>
                        <property name="borderLeftColor">#C0C0C0</property>
                        <property name="borderBottomStyle">solid</property>
                        <property name="borderBottomWidth">thin</property>
                        <property name="borderBottomColor">#C0C0C0</property>
                        <property name="borderRightStyle">solid</property>
                        <property name="borderRightWidth">thin</property>
                        <property name="borderRightColor">#C0C0C0</property>
                        <property name="width">100%</property>
                        <list-property name="boundDataColumns">
                            <structure>
                                <property name="name">nbr inscriptions::IDEtudiantSession</property>
                                <expression name="expression">dimension["EtudiantSession"]["nbr inscriptions::IDEtudiantSession"]</expression>
                                <property name="dataType">integer</property>
                            </structure>
                            <structure>
                                <property name="name">nbr inscriptions::AnSession</property>
                                <expression name="expression">dimension["gr_AnSession"]["nbr inscriptions::AnSession"]</expression>
                                <property name="dataType">integer</property>
                            </structure>
                            <structure>
                                <property name="name">nbr inscriptions::IDEtudiant</property>
                                <expression name="expression">dimension["IDEtudiant"]["nbr inscriptions::IDEtudiant"]</expression>
                                <property name="dataType">integer</property>
                            </structure>
                            <structure>
                                <property name="name">count_nbrNote_IDEtudiant/nbr inscriptions::IDEtudiant</property>
                                <expression name="expression">measure["count_nbrNote"]</expression>
                                <property name="dataType">integer</property>
                                <simple-property-list name="aggregateOn">
                                    <value>IDEtudiant/nbr inscriptions::IDEtudiant</value>
                                </simple-property-list>
                                <property name="aggregateFunction">SUM</property>
                            </structure>
                            <structure>
                                <property name="name">count_etudiantSesison_IDEtudiant/nbr inscriptions::IDEtudiant</property>
                                <expression name="expression">measure["count_etudiantSesison"]</expression>
                                <property name="dataType">integer</property>
                                <simple-property-list name="aggregateOn">
                                    <value>IDEtudiant/nbr inscriptions::IDEtudiant</value>
                                </simple-property-list>
                                <property name="aggregateFunction">SUM</property>
                            </structure>
                            <structure>
                                <property name="name">sum_insc2_IDEtudiantSession)_IDEtudiant/nbr inscriptions::IDEtudiant</property>
                                <expression name="expression">measure["sum_insc2_IDEtudiantSession)"]</expression>
                                <property name="dataType">decimal</property>
                                <simple-property-list name="aggregateOn">
                                    <value>IDEtudiant/nbr inscriptions::IDEtudiant</value>
                                </simple-property-list>
                                <property name="aggregateFunction">SUM</property>
                            </structure>
                            <structure>
                                <property name="name">sum_insc2_Note)_IDEtudiant/nbr inscriptions::IDEtudiant</property>
                                <expression name="expression">measure["sum_insc2_Note)"]</expression>
                                <property name="dataType">decimal</property>
                                <simple-property-list name="aggregateOn">
                                    <value>IDEtudiant/nbr inscriptions::IDEtudiant</value>
                                </simple-property-list>
                                <property name="aggregateFunction">SUM</property>
                            </structure>
                            <structure>
                                <property name="name">taux_reussite_IDEtudiant/nbr inscriptions::IDEtudiant</property>
                                <property name="dataType">decimal</property>
                                <simple-property-list name="aggregateOn">
                                    <value>IDEtudiant/nbr inscriptions::IDEtudiant</value>
                                </simple-property-list>
                                <property name="aggregateFunction">SUM</property>
                                <list-property name="arguments">
                                    <structure>
                                        <property name="name">Expression</property>
                                        <expression name="value" type="javascript">measure["taux_reussite"]</expression>
                                    </structure>
                                </list-property>
                            </structure>
                            <structure>
                                <property name="name">count_nbrNote_EtudiantSession/nbr inscriptions::IDEtudiantSession</property>
                                <expression name="expression">measure["count_nbrNote"]</expression>
                                <property name="dataType">float</property>
                                <simple-property-list name="aggregateOn">
                                    <value>EtudiantSession/nbr inscriptions::IDEtudiantSession</value>
                                </simple-property-list>
                                <property name="aggregateFunction">sum</property>
                            </structure>
                            <structure>
                                <property name="name">sum_insc2_Note)_EtudiantSession/nbr inscriptions::IDEtudiantSession</property>
                                <expression name="expression">measure["sum_insc2_Note)"]</expression>
                                <property name="dataType">float</property>
                                <simple-property-list name="aggregateOn">
                                    <value>EtudiantSession/nbr inscriptions::IDEtudiantSession</value>
                                </simple-property-list>
                                <property name="aggregateFunction">SUM</property>
                            </structure>
                            <structure>
                                <property name="name">taux_reussite_EtudiantSession/nbr inscriptions::IDEtudiantSession</property>
                                <property name="dataType">float</property>
                                <simple-property-list name="aggregateOn">
                                    <value>EtudiantSession/nbr inscriptions::IDEtudiantSession</value>
                                </simple-property-list>
                                <property name="aggregateFunction">SUM</property>
                                <list-property name="arguments">
                                    <structure>
                                        <property name="name">Expression</property>
                                        <expression name="value" type="javascript">measure["taux_reussite"] * 100</expression>
                                    </structure>
                                </list-property>
                            </structure>
                            <structure>
                                <property name="name">nbr inscriptions::IDEtudiantSession_TOTAL</property>
                                <expression name="expression">dimension["EtudiantSession"]["nbr inscriptions::IDEtudiantSession"]+" TOTAL"</expression>
                                <property name="dataType">string</property>
                            </structure>
                            <structure>
                                <property name="name">count_nbrNote_gr_AnSession/nbr inscriptions::AnSession</property>
                                <expression name="expression">measure["count_nbrNote"]</expression>
                                <property name="dataType">float</property>
                                <simple-property-list name="aggregateOn">
                                    <value>gr_AnSession/nbr inscriptions::AnSession</value>
                                </simple-property-list>
                                <property name="aggregateFunction">sum</property>
                            </structure>
                            <structure>
                                <property name="name">sum_insc2_Note)_gr_AnSession/nbr inscriptions::AnSession</property>
                                <expression name="expression">measure["sum_insc2_Note)"]</expression>
                                <property name="dataType">float</property>
                                <simple-property-list name="aggregateOn">
                                    <value>gr_AnSession/nbr inscriptions::AnSession</value>
                                </simple-property-list>
                                <property name="aggregateFunction">SUM</property>
                            </structure>
                            <structure>
                                <property name="name">taux_reussite_gr_AnSession/nbr inscriptions::AnSession</property>
                                <property name="dataType">float</property>
                                <simple-property-list name="aggregateOn">
                                    <value>gr_AnSession/nbr inscriptions::AnSession</value>
                                </simple-property-list>
                                <property name="aggregateFunction">SUM</property>
                                <list-property name="arguments">
                                    <structure>
                                        <property name="name">Expression</property>
                                        <expression name="value" type="javascript">measure["taux_reussite"]</expression>
                                    </structure>
                                </list-property>
                            </structure>
                            <structure>
                                <property name="name">nbr inscriptions::AnSession_TOTAL</property>
                                <expression name="expression">dimension["gr_AnSession"]["nbr inscriptions::AnSession"]+" TOTAL"</expression>
                                <property name="dataType">string</property>
                            </structure>
                            <structure>
                                <property name="name">sum_insc2_IDEtudiantSession)_gr_AnSession/nbr inscriptions::AnSession</property>
                                <expression name="expression">measure["sum_insc2_IDEtudiantSession)"]</expression>
                                <property name="dataType">decimal</property>
                                <simple-property-list name="aggregateOn">
                                    <value>gr_AnSession/nbr inscriptions::AnSession</value>
                                </simple-property-list>
                                <property name="aggregateFunction">SUM</property>
                            </structure>
                            <structure>
                                <property name="name">count_etudiantSesison_gr_AnSession/nbr inscriptions::AnSession</property>
                                <expression name="expression">measure["count_etudiantSesison"]</expression>
                                <property name="dataType">integer</property>
                                <simple-property-list name="aggregateOn">
                                    <value>gr_AnSession/nbr inscriptions::AnSession</value>
                                </simple-property-list>
                                <property name="aggregateFunction">SUM</property>
                            </structure>
                            <structure>
                                <property name="name">sum_insc2_Note)_gr_AnSession/nbr inscriptions::AnSession_1</property>
                                <expression name="expression">measure["sum_insc2_Note)"]</expression>
                                <property name="dataType">decimal</property>
                                <simple-property-list name="aggregateOn">
                                    <value>gr_AnSession/nbr inscriptions::AnSession</value>
                                </simple-property-list>
                                <property name="aggregateFunction">SUM</property>
                            </structure>
                            <structure>
                                <property name="name">count_nbrNote_gr_AnSession/nbr inscriptions::AnSession_1</property>
                                <expression name="expression">measure["count_nbrNote"]</expression>
                                <property name="dataType">integer</property>
                                <simple-property-list name="aggregateOn">
                                    <value>gr_AnSession/nbr inscriptions::AnSession</value>
                                </simple-property-list>
                                <property name="aggregateFunction">SUM</property>
                            </structure>
                            <structure>
                                <property name="name">taux_reussite</property>
                                <property name="dataType">float</property>
                                <property name="aggregateFunction">SUM</property>
                                <list-property name="arguments">
                                    <structure>
                                        <property name="name">Expression</property>
                                        <expression name="value" type="javascript">measure["taux_reussite"] </expression>
                                    </structure>
                                </list-property>
                            </structure>
                        </list-property>
                        <property name="multiViews">
                            <multi-views id="1975">
                                <property name="index">-1</property>
                                <property name="views">
                                    <extended-item extensionName="Chart" id="1976">
                                        <xml-property name="xmlRepresentation"><![CDATA[<model:ChartWithAxes xmlns:xsi="http://www.w3.org/2001/XMLSchema-instance" xmlns:attribute="http://www.birt.eclipse.org/ChartModelAttribute" xmlns:layout="http://www.birt.eclipse.org/ChartModelLayout" xmlns:model="http://www.birt.eclipse.org/ChartModel" xmlns:type="http://www.birt.eclipse.org/ChartModelType">
  <Type>Bar Chart</Type>
  <SubType>Side-by-side</SubType>
  <Block>
    <Children xsi:type="layout:TitleBlock">
      <Bounds/>
      <Insets/>
      <Outline/>
      <Label>
        <Caption>
          <Font>
            <Alignment/>
          </Font>
        </Caption>
        <Outline/>
        <Insets/>
      </Label>
    </Children>
    <Children xsi:type="layout:Plot">
      <Bounds/>
      <Insets/>
      <Outline/>
      <ClientArea>
        <Outline/>
        <Insets/>
      </ClientArea>
    </Children>
    <Children xsi:type="layout:Legend">
      <Bounds/>
      <Insets/>
      <Outline/>
      <ClientArea>
        <Outline/>
        <Insets/>
      </ClientArea>
      <Text>
        <Font>
          <Alignment/>
        </Font>
      </Text>
      <Separator/>
      <Title>
        <Caption>
          <Font>
            <Alignment/>
          </Font>
        </Caption>
        <Outline/>
        <Insets/>
      </Title>
    </Children>
    <Bounds>
      <Left>0.0</Left>
      <Top>0.0</Top>
      <Width>212.0</Width>
      <Height>130.0</Height>
    </Bounds>
    <Insets/>
    <Outline/>
  </Block>
  <ExtendedProperties>
    <Name>enable.area.alt</Name>
    <Value>false</Value>
  </ExtendedProperties>
  <SampleData>
    <BaseSampleData>
      <DataSetRepresentation>A, B, C</DataSetRepresentation>
    </BaseSampleData>
    <OrthogonalSampleData>
      <DataSetRepresentation>5,4,12</DataSetRepresentation>
      <SeriesDefinitionIndex>0</SeriesDefinitionIndex>
    </OrthogonalSampleData>
  </SampleData>
  <Interactivity/>
  <EmptyMessage>
    <Caption>
      <Value>This chart contains no data.</Value>
      <Font>
        <Alignment/>
      </Font>
    </Caption>
    <Background xsi:type="attribute:ColorDefinition">
      <Transparency>64</Transparency>
      <Red>127</Red>
      <Green>127</Green>
      <Blue>127</Blue>
    </Background>
    <Outline>
      <Color>
        <Transparency>128</Transparency>
        <Red>127</Red>
        <Green>127</Green>
        <Blue>127</Blue>
      </Color>
    </Outline>
    <Insets/>
  </EmptyMessage>
  <Axes>
    <Type>Linear</Type>
    <Title>
      <Caption>
        <Font>
          <Alignment/>
        </Font>
      </Caption>
      <Outline/>
      <Insets/>
    </Title>
    <AssociatedAxes>
      <Title>
        <Caption>
          <Font>
            <Alignment/>
          </Font>
        </Caption>
        <Outline/>
        <Insets/>
      </Title>
      <SeriesDefinitions>
        <Query>
          <Definition></Definition>
        </Query>
        <SeriesPalette/>
        <Series xsi:type="type:BarSeries">
          <Label>
            <Caption>
              <Font>
                <Alignment/>
              </Font>
            </Caption>
            <Outline/>
            <Insets/>
          </Label>
          <DataDefinition>
            <Definition>data[&quot;taux_reussite_gr_AnSession/nbr inscriptions::AnSession&quot;] *100</Definition>
            <Grouping>
              <Enabled>false</Enabled>
              <GroupType>Text</GroupType>
              <AggregateExpression xsi:nil="true"/>
            </Grouping>
          </DataDefinition>
          <SeriesIdentifier>Series 1</SeriesIdentifier>
          <DataPoint/>
          <Triggers>
            <Condition>onmouseover</Condition>
            <Action>
              <Type>Show_Tooltip</Type>
              <Value xsi:type="attribute:TooltipValue">
                <Text></Text>
                <Delay>200</Delay>
              </Value>
            </Action>
          </Triggers>
        </Series>
        <Grouping>
          <GroupType>Text</GroupType>
          <AggregateExpression>Sum</AggregateExpression>
        </Grouping>
      </SeriesDefinitions>
      <LineAttributes/>
      <Label>
        <Caption>
          <Font>
            <Alignment/>
          </Font>
        </Caption>
        <Outline/>
        <Insets/>
      </Label>
      <MajorGrid>
        <LineAttributes/>
        <TickAttributes/>
      </MajorGrid>
      <MinorGrid>
        <LineAttributes/>
        <TickAttributes/>
      </MinorGrid>
      <Scale/>
      <Origin/>
      <PrimaryAxis>true</PrimaryAxis>
    </AssociatedAxes>
    <SeriesDefinitions>
      <Query>
        <Definition></Definition>
      </Query>
      <SeriesPalette/>
      <Series>
        <Label>
          <Caption>
            <Font>
              <Alignment/>
            </Font>
          </Caption>
          <Outline/>
          <Insets/>
        </Label>
        <DataDefinition>
          <Definition>data[&quot;nbr inscriptions::AnSession&quot;]</Definition>
        </DataDefinition>
        <SeriesIdentifier></SeriesIdentifier>
        <DataPoint/>
      </Series>
      <Grouping>
        <GroupType>Text</GroupType>
        <AggregateExpression>Sum</AggregateExpression>
      </Grouping>
    </SeriesDefinitions>
    <LineAttributes/>
    <Label>
      <Caption>
        <Font>
          <Alignment/>
        </Font>
      </Caption>
      <Outline/>
      <Insets/>
    </Label>
    <MajorGrid>
      <LineAttributes/>
      <TickAttributes/>
    </MajorGrid>
    <MinorGrid>
      <LineAttributes/>
      <TickAttributes/>
    </MinorGrid>
    <Scale/>
    <Origin/>
  </Axes>
  <Rotation>
    <Angles/>
  </Rotation>
</model:ChartWithAxes>
]]></xml-property>
                                        <property name="outputFormat">SVG</property>
                                        <property name="inheritColumns">false</property>
                                        <property name="height">5.138888888888889in</property>
                                        <property name="width">8.208333333333334in</property>
                                    </extended-item>
                                </property>
                            </multi-views>
                        </property>
                    </extended-item>
                </cell>
            </row>
            <row id="560">
                <cell id="561"/>
            </row>
            <row id="562">
                <cell id="563"/>
            </row>
        </grid>
    </body>
</report>
